StationID,StationName,County,TWD67_X,TWD67_Y,Original_WGS84_Lat,Original_WGS84_Lon,Converted_WGS84_Lat,Converted_WGS84_Lon,Conversion_Distance_meters,Conversion_Distance_km
466940,基隆,基隆市,121.732242,25.135104,25.133314,121.740475,25.135104,121.732242,853.5678218100211,0.8535678218100211
466900,淡水,新北市,121.440672,25.166664,25.164889,121.448906,25.166664,121.440672,853.0738452646526,0.8530738452646526
466881,新北,新北市,121.516977,24.96099,24.959207,121.525196,24.96099,121.516977,853.1530264170274,0.8531530264170274
466930,陽明山,臺北市,121.536313,25.163858,25.162078,121.544547,25.163858,121.536313,853.2201589222792,0.8532201589222792
466910,鞍部,臺北市,121.521495,25.184365,25.182586,121.529731,25.184365,121.521495,853.2557281271183,0.8532557281271184
467571,新竹,新竹縣,121.006343,24.830335,24.828575,121.01445,24.830335,121.006343,842.3981547276978,0.8423981547276979
467490,臺中,臺中市,120.675919,24.147494,24.145736,120.684075,24.147494,120.675919,851.5067071606346,0.8515067071606346
C0FA30,梧棲,臺中市,120.515211,24.257753,24.256003,120.523381,24.257753,120.515211,851.995540495296,0.851995540495296
467350,澎湖,澎湖縣,119.554987,23.56722,23.565503,119.563094,23.56722,119.554987,849.2071605118367,0.8492071605118368
467650,日月潭,南投縣,120.899911,23.883099,23.881325,120.90805,23.883099,120.899911,851.8782343123194,0.8518782343123193
467530,阿里山,嘉義縣,120.805129,23.509984,23.508208,120.813242,23.509984,120.805129,851.6387830275711,0.8516387830275711
467550,玉山,南投縣,120.951318,23.488964,23.48718,120.95943,23.488964,120.951318,851.8722394356685,0.8518722394356685
467480,嘉義,嘉義市,120.424796,23.497684,23.495925,120.432906,23.497684,120.424796,850.9823752395685,0.8509823752395684
467410,臺南,臺南市,120.196846,22.995039,22.99328,120.20492,22.995039,120.196846,850.4137617502528,0.8504137617502527
467441,高雄,高雄市,120.304459,22.732201,22.730432,120.312516,22.732201,120.304459,850.518071783823,0.850518071783823
467590,恆春,屏東縣,120.738326,22.0057,22.003897,120.746339,22.0057,120.738326,851.1574884065648,0.8511574884065648
467080,宜蘭,宜蘭縣,121.748322,24.765773,24.763975,121.756528,24.765773,121.748322,853.527710886808,0.853527710886808
466990,花蓮,花蓮縣,121.605126,23.976933,23.975128,121.613275,23.976933,121.605126,853.084589257371,0.8530845892573711
467610,成功,臺東縣,121.36534,23.099296,23.097486,121.373428,23.099296,121.36534,852.5009739792396,0.8525009739792396
467660,臺東,臺東縣,121.146522,22.754017,22.752211,121.154586,22.754017,121.146522,852.0425877488451,0.8520425877488451
467540,大武,臺東縣,120.895703,22.357523,22.35572,120.90374,22.357523,120.895703,851.5630368259658,0.8515630368259658
467620,蘭嶼,臺東縣,121.55041,22.038737,22.0369,121.55843,22.038737,121.55041,852.5641902571728,0.8525641902571728
466950,彭佳嶼,基隆市,122.071474,25.629774,25.627975,122.079744,25.629774,122.071474,854.1344168594237,0.8541344168594237
467300,東吉島,澎湖縣,119.659533,23.258999,23.25727,119.66762,23.258999,119.659533,849.3799857448645,0.8493799857448645
469020,南沙島,高雄市,114.356938,10.372116,10.370203,114.364286,10.372116,114.356938,832.0540640706249,0.8320540640706249
468100,東沙島,高雄市,116.722116,20.70252,20.700856,116.73,20.70252,116.722116,841.7282462252293,0.8417282462252293
467420,永康,臺南市,120.228623,23.040146,23.038386,120.2367,23.040146,120.228623,850.4707763060453,0.8504707763060453
C2W030,金門(東),金門縣,118.443627,24.450074,24.448431,118.451786,24.450074,118.443627,847.0655495559716,0.8470655495559717
466920,臺北,臺北市,121.506628,25.039439,25.037658,121.514853,25.039439,121.506628,853.1788078051096,0.8531788078051096
A0G720,彰師大,彰化縣,120.548508,24.08314,24.081389,120.556667,24.08314,120.548508,852.0300502913308,0.8520300502913308
A0Z080,合歡山,花蓮縣,121.276071,24.144972,24.143186,121.284231,24.144972,121.276071,852.6325843512429,0.8526325843512429
A0W080,吉貝,澎湖縣,119.596041,23.741712,23.740011,119.604189,23.741712,119.596041,851.8194367939702,0.8518194367939702
467110,金門,金門縣,118.281127,24.408942,24.407306,118.289281,24.408942,118.281127,846.665774662084,0.846665774662084
467990,馬祖,連江縣,119.914855,26.171145,26.169467,119.923158,26.171145,119.914855,850.6385668666741,0.850638566866674
A0K420,麥寮,雲林縣,120.209572,23.800517,23.798783,120.217717,23.800517,120.209572,851.9740701928803,0.8519740701928803
467050,新屋,桃園市,121.039271,25.008484,25.006725,121.047492,25.008484,121.039271,852.427927029423,0.852427927029423
A2K570,古坑(花卉中心),雲林縣,120.54428,23.6353,23.63353,120.55239,23.6353,120.54428,850.4236260611838,0.8504236260611837
CAAH60,大安森林,臺北市,121.528056,25.031331,25.02955,121.53628,25.031331,121.528056,853.133649118696,0.8531336491186959
CAHA00,消防署訓練中心,南投縣,120.7148,23.82313,23.82137,120.72293,23.82313,120.7148,851.0002848416606,0.8510002848416606
467270,田中,彰化縣,120.573149,23.875561,23.873803,120.581286,23.875561,120.573149,851.3195926470543,0.8513195926470543
CAC040,拉拉山,桃園市,121.418933,24.7011,24.699317,121.427133,24.7011,121.418933,852.9680266348669,0.8529680266348669
CAW010,東引,連江縣,120.475308,26.360539,26.358836,120.483631,26.360539,120.475308,851.8838017671626,0.8518838017671626
CAP070,高雄燈塔,高雄市,120.256631,22.616364,22.614594,120.26468,22.616364,120.256631,850.4192167324827,0.8504192167324827
A0F010,武陵,臺中市,121.300112,24.354609,24.352825,121.308286,24.354609,121.300112,852.6432147049178,0.8526432147049178
467280,後龍,苗栗縣,120.823641,24.650318,24.648563,120.831834,24.650318,120.823641,851.8920984916701,0.8518920984916701
467290,古坑,雲林縣,120.543769,23.635401,23.633639,120.551889,23.635401,120.543769,851.212344304784,0.851212344304784
C2C410,中央大學,桃園市,121.176946,24.969417,24.967652,121.185165,24.969417,121.176946,852.6386219020658,0.8526386219020657
A0A460,文化大學,臺北市,121.531657,25.137855,25.13605,121.53987,25.137855,121.531657,851.9767735984035,0.8519767735984035
A0A010,臺灣大學,臺北市,121.531193,25.01606,25.014278,121.539416,25.01606,121.531193,853.1608987685989,0.8531608987685989
72S200,班鳩分場,臺東縣,121.069619,22.831307,22.829528,121.077694,22.831307,121.069619,851.9906014920429,0.8519906014920429
72S590,賓朗果園,臺東縣,121.063204,22.815668,22.813889,121.071278,22.815668,121.063204,851.9827418165341,0.8519827418165341
82S580,臺東茶改,臺東縣,121.12206,22.909476,22.907694,121.130139,22.909476,121.12206,852.0059009475453,0.8520059009475454
U2H480,臺大溪頭,南投縣,120.790065,23.672071,23.670306,120.798194,23.672071,120.790065,851.9576135782495,0.8519576135782495
72G600,臺中農改,彰化縣,120.526236,24.004779,24.003028,120.534389,24.004779,120.526236,851.9254595446349,0.8519254595446349
72K220,雲林分場,雲林縣,120.469202,23.636304,23.634556,120.477333,23.636304,120.469202,851.9456371589154,0.8519456371589154
72N100,臺南農改,臺南市,120.334096,23.062242,23.0605,120.342194,23.062242,120.334096,851.9806380201254,0.8519806380201254
72V140,旗南農改,高雄市,120.508583,22.859612,22.857861,120.516667,22.859612,120.508583,852.0114132839449,0.8520114132839449
72Q010,高雄農改,屏東縣,120.517814,22.711084,22.709333,120.525889,22.711084,120.517814,851.9853422831698,0.8519853422831698
B2E890,新竹畜試,苗栗縣,120.762788,24.529569,24.527806,120.770972,24.529569,120.762788,851.9809893006865,0.8519809893006864
72C440,桃園農改,桃園市,121.022375,24.952721,24.950944,121.030583,24.952721,121.022375,851.9724139309743,0.8519724139309743
72D080,五峰站,新竹縣,121.148983,24.613978,24.612194,121.157167,24.613978,121.148983,851.9775444496375,0.8519775444496376
82C160,茶改場,桃園市,121.17713,24.910258,24.908472,121.185333,24.910258,121.17713,851.9880289123973,0.8519880289123973
A2C560,農工中心,桃園市,121.231626,24.987706,24.985917,121.239833,24.987706,121.231626,851.9546446220971,0.8519546446220971
82A750,文山茶改,新北市,121.623022,24.957588,24.955778,121.631222,24.957588,121.623022,852.0076528511815,0.8520076528511815
72U480,蘭陽分場,宜蘭縣,121.708402,24.688121,24.686306,121.716583,24.688121,121.708402,852.0105816411796,0.8520105816411796
K2E360,苗栗農改,苗栗縣,120.82093,24.497488,24.495722,120.829111,24.497488,120.82093,851.9660470310479,0.8519660470310478
K2E710,大湖分場,苗栗縣,120.863657,24.42463,24.422861,120.871833,24.42463,120.863657,852.012822477285,0.852012822477285
K2F750,種苗繁殖,臺中市,120.792753,24.227737,24.225972,120.800917,24.227737,120.792753,851.971204439261,0.851971204439261
82H840,凍頂茶改,南投縣,120.732364,23.76429,23.762528,120.7405,23.76429,120.732364,852.0091869150801,0.8520091869150801
82H320,魚池茶改,南投縣,120.905442,23.877382,23.875611,120.913583,23.877382,120.905442,852.0352740786167,0.8520352740786167
U2HA50,臺大竹山,南投縣,120.67342,23.758731,23.756972,120.681556,23.758731,120.67342,851.9673954738398,0.8519673954738398
G2L020,嘉義農試,嘉義市,120.465684,23.486776,23.485028,120.473806,23.486776,120.465684,851.9643006311401,0.85196430063114
72M360,義竹分場,嘉義縣,120.271244,23.362432,23.360694,120.279361,23.362432,120.271244,851.9705416166032,0.8519705416166032
B2N890,畜試所,臺南市,120.328308,23.060713,23.058972,120.336406,23.060713,120.328308,851.9646882163535,0.8519646882163535
G2P820,鳳山農試,高雄市,120.34801,22.648354,22.646611,120.356083,22.648354,120.34801,851.951221379677,0.851951221379677
B2Q810,恆春畜試,屏東縣,120.794139,21.947348,21.945583,120.802167,21.947348,120.794139,852.0171571417937,0.8520171571417937
72T250,花蓮農改,花蓮縣,121.555752,23.977028,23.975222,121.563889,23.977028,121.555752,851.9228103021381,0.8519228103021381
E2H360,蓮華池,南投縣,120.877136,23.920106,23.918333,120.885278,23.920106,120.877136,851.9205861783181,0.8519205861783181
72HA00,埔里分場,南投縣,120.955222,23.904982,23.903208,120.963364,23.904982,120.955222,852.0399196976664,0.8520399196976663
U2HA30,臺大和社,南投縣,120.880744,23.592633,23.590856,120.888864,23.592633,120.880744,851.8561511789,0.8518561511788999
U2HA40,臺大內茅埔,南投縣,120.842992,23.691497,23.689722,120.851117,23.691497,120.842992,851.6963042405673,0.8516963042405673
G2M350,溪口農場,嘉義縣,120.399994,23.587406,23.58565,120.408111,23.587406,120.399994,851.0555683503038,0.8510555683503038
E2K600,四湖植物園,雲林縣,120.155296,23.678718,23.676986,120.163433,23.678718,120.155296,851.8805716378765,0.8518805716378766
G2F820,農業試驗所,臺中市,120.679986,24.033022,24.031261,120.688133,24.033022,120.679986,851.4079698995218,0.8514079698995218
72M700,嘉義分場,嘉義縣,120.274941,23.418608,23.416869,120.283061,23.418608,120.274941,851.9537246564529,0.8519537246564529
72N240,七股研究中心,臺南市,120.054792,23.083472,23.081672,120.062894,23.083472,120.054792,853.7301852647339,0.8537301852647339
42HA10,萬大發電廠,南投縣,121.131497,23.980611,23.978875,121.139639,23.980611,121.131497,850.6089766788228,0.8506089766788228
12Q970,東港工作站,屏東縣,120.458017,22.481778,22.479997,120.466058,22.481778,120.458017,850.6801922391843,0.8506801922391843
12J990,口湖工作站,雲林縣,120.172281,23.591722,23.589978,120.180394,23.591722,120.172281,850.3288269433729,0.8503288269433729
12Q980,恆春工作站,屏東縣,120.706406,22.081478,22.079678,120.714425,22.081478,120.706406,851.2538925655077,0.8512538925655078
V2K610,大庄合作社,雲林縣,120.359808,23.80855,23.8068,120.367939,23.80855,120.359808,850.93646854879,0.85093646854879
V2K620,麥寮合作社,雲林縣,120.286657,23.755583,23.753836,120.294783,23.755583,120.286657,850.6910845686389,0.8506910845686388
E2S980,太麻里(1),臺東縣,120.971991,22.600724,22.598922,120.980044,22.600724,120.971991,851.7337141126528,0.8517337141126529
E2S960,太麻里(2),臺東縣,120.9897,22.599802,22.598,120.99775,22.599802,120.9897,851.4391895372623,0.8514391895372624
72AI40,桃改臺北,新北市,121.378755,24.946279,24.944503,121.386972,24.946279,121.378755,852.8731535204475,0.8528731535204476
E2HA20,畢祿溪站,南投縣,121.300362,24.22873,24.226944,121.308522,24.22873,121.300362,852.1065587627585,0.8521065587627585
A2N290,蘭花園區,臺南市,120.371562,23.342018,23.340258,120.379661,23.342018,120.371562,850.855960562696,0.8508559605626961
B2U990,宜蘭畜試,宜蘭縣,121.824362,24.670842,24.669039,121.832561,24.670842,121.824362,853.5799376346639,0.8535799376346639
A2K630,雲林臺大,雲林縣,120.415777,23.732381,23.730628,120.423903,23.732381,120.415777,850.9852332409623,0.8509852332409623
E2P980,六龜林試,高雄市,120.637645,22.993482,22.991703,120.645722,22.993482,120.637645,851.2323541759346,0.8512323541759346
E2P990,扇平林試,高雄市,120.677627,22.969481,22.9677,120.685703,22.969481,120.677627,851.3260623810024,0.8513260623810024
A2K360,臺西水試,雲林縣,120.182399,23.718974,23.717231,120.190522,23.718974,120.182399,850.5177097468363,0.8505177097468363
V2C250,八德合作社,桃園市,121.258178,24.939471,24.93775,121.266389,24.939471,121.258178,850.9420726731197,0.8509420726731197
V2C260,八德蔬果,桃園市,121.27356,24.980279,24.978508,121.281819,24.980279,121.27356,856.6512856400309,0.8566512856400309
72D680,新埔工作站,新竹縣,121.058,24.836,24.834444,121.066111,24.836,121.058,837.8156618642674,0.8378156618642675
G2AI50,台農院關渡站,臺北市,121.483769,25.117528,25.11575,121.492,25.117528,121.483769,853.1791727684107,0.8531791727684107
CAH030,茶改場竹圍站,南投縣,120.629392,23.861844,23.86008,120.6375,23.861844,120.629392,848.6818454661263,0.8486818454661263
CAN130,水試所海水繁養殖中心,臺南市,120.071594,23.122553,23.120802,120.079676,23.122553,120.071594,850.250941381083,0.8502509413810829
CAL110,布袋國中,嘉義縣,120.17216,23.360676,23.35893,120.18026,23.360676,120.17216,850.4890031272283,0.8504890031272283
CAG100,王功漁港,彰化縣,120.317718,23.969984,23.96824,120.32586,23.969984,120.317718,850.8758569691296,0.8508758569691296
CAJ050,海口故事園區,雲林縣,120.133097,23.577174,23.57543,120.14121,23.577174,120.133097,850.4176375228676,0.8504176375228676
CAN140,六官養殖協會,臺南市,120.29153,23.230568,23.22881,120.29962,23.230568,120.29153,850.5793224097345,0.8505793224097344
CAQ030,崎峰國小,屏東縣,120.487171,22.427434,22.42565,120.49521,22.427434,120.487171,850.8704518856193,0.8508704518856194
C2M960,外寮,嘉義縣,120.657572,23.564411,23.562643,120.665688,23.564411,120.657572,851.401236495789,0.851401236495789
C2M970,碧湖,嘉義縣,120.616047,23.570397,23.568632,120.624165,23.570397,120.616047,851.4870868667937,0.8514870868667936
C2R170,屏東,屏東縣,120.485974,22.662048,22.660269,120.494027,22.662048,120.485974,850.7835779065985,0.8507835779065984
C2V310,美濃,高雄市,120.511,22.900567,22.898792,120.51907,22.900567,120.511,850.9808533875481,0.8509808533875481
C2M980,安和,嘉義縣,120.30782,23.515523,23.51377,120.31593,23.515523,120.30782,850.721988967843,0.850721988967843
C2M990,大巃頂,嘉義縣,120.606275,23.556466,23.5547,120.61439,23.556466,120.606275,851.2993891638326,0.8512993891638326
C2N170,茅港尾,臺南市,120.254311,23.207857,23.2061,120.2624,23.207857,120.254311,850.5904917315933,0.8505904917315933
C2R980,竹田國中,屏東縣,120.516069,22.617101,22.61532,120.52412,22.617101,120.516069,850.896566572201,0.850896566572201
C2R990,泰武,屏東縣,120.689598,22.608649,22.60686,120.69765,22.608649,120.689598,851.2514898105854,0.8512514898105854
C2TA60,六十石,花蓮縣,121.310513,23.226575,23.22477,121.31861,23.226575,121.310513,852.5063429056343,0.8525063429056342
C2TA70,赤科坪,花蓮縣,121.383571,23.400655,23.39885,121.39168,23.400655,121.383571,852.6516434094146,0.8526516434094147
C2UC10,出水溪,宜蘭縣,121.644058,24.617617,24.615822,121.652253,24.617617,121.644058,853.320885936667,0.853320885936667
C2UC20,長嶺,宜蘭縣,121.603419,24.710732,24.70894,121.61162,24.710732,121.603419,853.2358388862143,0.8532358388862143
C2E980,和興,苗栗縣,120.914833,24.507081,24.505319,120.923016,24.507081,120.914833,852.000534658468,0.852000534658468
C2E990,新坪頂,苗栗縣,120.849231,24.303773,24.30201,120.8574,24.303773,120.849231,851.9348622658141,0.851934862265814
C2H9Y0,松茗,南投縣,120.642632,23.818463,23.8167,120.650765,23.818463,120.642632,851.402802237011,0.8514028022370109
C2RA10,大新,屏東縣,120.569824,22.677362,22.67558,120.57788,22.677362,120.569824,851.071195476467,0.851071195476467
C2TA90,加納納,花蓮縣,121.351754,23.468223,23.466421,121.359867,23.468223,121.351754,852.562035561969,0.852562035561969
C2TB30,吉安,花蓮縣,121.539883,23.947182,23.94538,121.54803,23.947182,121.539883,852.993703365275,0.852993703365275
C2K290,崙內,雲林縣,120.347887,23.697001,23.69525,120.35601,23.697001,120.347887,850.8542189766687,0.8508542189766687
C2K300,鹿南,雲林縣,120.355481,23.640303,23.63855,120.3636,23.640303,120.355481,850.8550021611989,0.8508550021611988
C2K250,崙背,雲林縣,120.310803,23.757278,23.75553,120.31893,23.757278,120.310803,850.8051189504904,0.8508051189504904
C2K280,四湖,雲林縣,120.219053,23.632147,23.6304,120.22717,23.632147,120.219053,850.5547947414178,0.8505547947414178
C2X060,下營,臺南市,120.248201,23.228563,23.226806,120.256291,23.228563,120.248201,850.5660029579308,0.8505660029579307
C2S9B0,利吉,臺東縣,121.146788,22.864264,22.86246,121.15486,22.864264,121.146788,852.1418505957641,0.8521418505957642
C2S9A0,北份子寮,臺東縣,121.070064,22.787412,22.78561,121.07813,22.787412,121.070064,851.9427148507323,0.8519427148507323
C2SD50,順那,臺東縣,121.285235,23.043467,23.04166,121.29332,23.043467,121.285235,852.4561477032906,0.8524561477032906
C2SD70,二層坪,臺東縣,121.160303,22.942853,22.94105,121.16838,22.942853,121.160303,852.1510255149976,0.8521510255149977
C2SD60,明峰,臺東縣,121.110178,22.868903,22.8671,121.11825,22.868903,121.110178,852.0885786200586,0.8520885786200586
C2SD80,再來山,臺東縣,121.433115,23.345518,23.34371,121.44122,23.345518,121.433115,852.6649284987272,0.8526649284987272
C2TB80,庄子底,花蓮縣,121.486249,23.719744,23.71794,121.49438,23.719744,121.486249,852.8650580944344,0.8528650580944344
C2TB90,長橋,花蓮縣,121.453731,23.689203,23.6874,121.46186,23.689203,121.453731,852.828218994786,0.852828218994786
C2TB50,麻汝,花蓮縣,121.38547,23.427345,23.42554,121.39358,23.427345,121.38547,852.5895527716946,0.8525895527716946
C2TB70,達谷寮,花蓮縣,121.351573,23.381804,23.38,121.35968,23.381804,121.351573,852.5408325710304,0.8525408325710304
C2TB60,南安,花蓮縣,121.253469,23.299981,23.29818,121.26157,23.299981,121.253469,852.3596862801328,0.8523596862801328
C2H9X0,福盛,南投縣,120.83263,23.8953,23.89353,120.84077,23.8953,120.83263,851.7996724746821,0.8517996724746821
C2G9C0,埔南,彰化縣,120.461546,23.992991,23.99124,120.46969,23.992991,120.461546,851.1072130850769,0.8511072130850769
C2G9E0,移民庄,彰化縣,120.394687,23.980148,23.9784,120.40283,23.980148,120.394687,851.0124145468956,0.8510124145468956
C2K310,港尾布雞,雲林縣,120.376263,23.750092,23.74834,120.38439,23.750092,120.376263,850.9502809057742,0.8509502809057742
C2M9A0,大華,嘉義縣,120.6668,23.484171,23.4824,120.67491,23.484171,120.6668,851.3697240114573,0.8513697240114573
C2M9D0,何竹子腳,嘉義縣,120.373918,23.538166,23.53641,120.38203,23.538166,120.373918,850.8588947259674,0.8508588947259674
C2M9C0,紫雲,嘉義縣,120.532142,23.496678,23.494914,120.540253,23.496678,120.532142,851.2148605598323,0.8512148605598323
C2M9E0,旺來山,嘉義縣,120.478349,23.556913,23.555153,120.486463,23.556913,120.478349,851.0448346190699,0.8510448346190699
C2M9B0,西興,嘉義縣,120.568077,23.244571,23.2428,120.57617,23.244571,120.568077,851.124823887778,0.851124823887778
C2N190,烏樹,臺南市,120.361793,23.32569,23.32393,120.36989,23.32569,120.361793,850.7553050943428,0.8507553050943428
C2N180,鹿陶洋,臺南市,120.475434,23.145019,23.14325,120.48352,23.145019,120.475434,850.9724487579616,0.8509724487579616
C2V920,匏子寮,高雄市,120.54511,23.050824,23.04905,120.55319,23.050824,120.54511,851.0631988537717,0.8510631988537717
C2V580,瑞山,高雄市,120.42617,22.904811,22.90304,120.43424,22.904811,120.42617,850.8535858577955,0.8508535858577955
C2R9A0,高士國小,屏東縣,120.838508,22.127335,22.12553,120.84653,22.127335,120.838508,851.4248945660663,0.8514248945660663
C2M530,奮起湖,嘉義縣,120.691142,23.495674,23.493903,120.699253,23.495674,120.691142,851.3992485584344,0.8513992485584343
C2M810,里佳,嘉義縣,120.708543,23.390899,23.389125,120.716647,23.390899,120.708543,851.4148528814013,0.8514148528814013
C2C590,觀音,桃園市,121.145094,25.028835,25.027072,121.153317,25.028835,121.145094,852.5927874469078,0.8525927874469078
C2E420,竹南,苗栗縣,120.880772,24.710737,24.70898,120.88897,24.710737,120.880772,852.0465738003423,0.8520465738003423
C2E430,南庄,苗栗縣,120.992023,24.603539,24.601775,121.000214,24.603539,120.992023,852.2232623382569,0.8522232623382568
C2W230,畜試所澎湖,澎湖縣,119.505094,23.630055,23.628342,119.513206,23.630055,119.505094,849.2214938161035,0.8492214938161035
C2E880,三義,苗栗縣,120.741644,24.407236,24.405478,120.749819,24.407236,120.741644,851.7451926808877,0.8517451926808878
C2FA00,烏石坑,臺中市,120.939447,24.275269,24.273503,120.947617,24.275269,120.939447,852.2899654877715,0.8522899654877715
C2F9A0,中竹林,臺中市,120.743333,24.105556,24.103556,120.751061,24.105556,120.743333,816.3314883378061,0.8163314883378061
C2G840,北斗,彰化縣,120.506528,23.879222,23.877586,120.514222,23.879222,120.506528,804.2887009373476,0.8042887009373476
C2H950,中寮,南投縣,120.758528,23.886278,23.884447,120.766406,23.886278,120.758528,827.5419010450169,0.8275419010450169
C2I090,鳳凰,南投縣,120.779167,23.729722,23.728081,120.787347,23.729722,120.779167,853.6361810575836,0.8536361810575837
C2F860,梨山,臺中市,121.237667,24.245,24.247522,121.243669,24.245,121.237667,670.50602114201,0.67050602114201
C2K240,草嶺,雲林縣,120.685342,23.597319,23.59555,120.693461,23.597319,120.685342,851.5239124725215,0.8515239124725215
C2E520,大湖,苗栗縣,120.862694,24.4167,24.414939,120.870872,24.4167,120.862694,852.0572996654264,0.8520572996654264
C2F000,大肚,臺中市,120.564,24.154667,24.15295,120.572117,24.154667,120.564,846.5718148372475,0.8465718148372475
C2E540,龍溪,苗栗縣,120.775556,24.608056,24.606489,120.783933,24.608056,120.775556,865.9019231262508,0.8659019231262508
C2F930,大甲,臺中市,120.632361,24.349917,24.347667,120.640403,24.349917,120.632361,853.2731079895973,0.8532731079895973
C2G870,芳苑,彰化縣,120.311861,23.924,23.922303,120.320025,23.924,120.311861,852.1798763832115,0.8521798763832116
C2G640,鹿港,彰化縣,120.422222,24.076944,24.0753,120.430481,24.076944,120.422222,859.3849935407744,0.8593849935407745
C2M910,嘉義大學,嘉義市,120.477795,23.473087,23.471325,120.485903,23.473087,120.477795,851.0090493119314,0.8510090493119314
C2O950,安南,臺南市,120.136667,23.078333,23.076694,120.144861,23.078333,120.136667,858.9856626150149,0.858985662615015
C2M410,馬頭山,嘉義縣,120.573611,23.326389,23.324361,120.582017,23.326389,120.573611,888.5782720522851,0.8885782720522851
C2O810,曾文,臺南市,120.489222,23.221472,23.219681,120.497328,23.221472,120.489222,853.0705970123958,0.8530705970123957
C2O930,玉井,臺南市,120.452472,23.127833,23.126042,120.46055,23.127833,120.452472,850.8423994835131,0.850842399483513
C2V260,月眉,高雄市,120.531778,22.972778,22.971003,120.539853,22.972778,120.531778,851.0530544906375,0.8510530544906375
C2V250,甲仙,高雄市,120.5825,23.081667,23.080106,120.591758,23.081667,120.5825,964.2109236179014,0.9642109236179014
C2N160,西拉雅風管處,臺南市,120.327209,23.191241,23.189481,120.335297,23.191241,120.327209,850.6664330282681,0.850666433028268
C2A920,富貴角,新北市,121.557278,25.265556,25.263783,121.565258,25.265556,121.557278,827.4941446501523,0.8274941446501523
C2A880,福隆,新北市,121.934167,25.019167,25.017842,121.942083,25.019167,121.934167,812.3703793591478,0.8123703793591478
C2A540,四堵,新北市,121.737519,24.894394,24.8926,121.745736,24.894394,121.737519,853.6727749441792,0.8536727749441791
C2A560,福山,新北市,121.494583,24.778333,24.776203,121.502811,24.778333,121.494583,864.9114481123615,0.8649114481123615
C2D720,關西工作站,新竹縣,121.176589,24.759045,24.757275,121.184792,24.759045,121.176589,852.5573923817169,0.8525573923817169
C2D730,寶山農場,新竹縣,120.967953,24.734205,24.732444,120.976153,24.734205,120.967953,852.1935812808225,0.8521935812808226
C2H9K0,屯原,南投縣,121.201235,24.069754,24.067969,121.209389,24.069754,121.201235,852.4842877957328,0.8524842877957328
C2G980,田頭村,彰化縣,120.436042,23.828053,23.8263,120.444175,23.828053,120.436042,851.0902099536172,0.8510902099536172
C2K610,草嶺石壁,雲林縣,120.699612,23.604239,23.602469,120.707731,23.604239,120.699612,851.5071339125112,0.8515071339125112
C2F990,摩天嶺,臺中市,120.928649,24.324225,24.322458,120.936819,24.324225,120.928649,852.0060174538194,0.8520060174538193
C2M920,朴子農改,嘉義縣,120.251277,23.47164,23.469889,120.259383,23.47164,120.251277,850.5403268618928,0.8505403268618928
C2M620,瑞里,嘉義縣,120.667039,23.546903,23.545133,120.675197,23.546903,120.667039,855.7327534702026,0.8557327534702026
C2A660,瑞芳,新北市,121.792639,25.114861,25.113169,121.801147,25.114861,121.792639,878.3206142189881,0.8783206142189881
C2A650,火燒寮,新北市,121.734572,25.004411,25.002719,121.742892,25.004411,121.734572,860.539635127998,0.860539635127998
C2H9W0,大坪頂農水,南投縣,120.92463,24.044894,24.043122,120.932781,24.044894,120.92463,852.0098158748405,0.8520098158748405
C2K620,馬光農場,雲林縣,120.370739,23.723205,23.721453,120.378864,23.723205,120.370739,850.917102072551,0.850917102072551
C2FB50,出雲,臺中市,120.894632,24.208236,24.206469,120.902794,24.208236,120.894632,851.9470805393379,0.8519470805393379
C2FB60,頭櫃山,臺中市,120.850769,24.131608,24.129842,120.858925,24.131608,120.850769,851.8093896125813,0.8518093896125813
C2H9D0,三隻寮,南投縣,120.853424,24.094845,24.093078,120.861578,24.094845,120.853424,851.8671602392891,0.8518671602392891
C2H9E0,國姓南港,南投縣,120.838415,23.912878,23.911108,120.846556,23.912878,120.838415,851.7897980415624,0.8517897980415624
C2H9F0,柑林,南投縣,120.838924,24.020426,24.018658,120.847072,24.020426,120.838924,851.7634799332363,0.8517634799332363
C2H9G0,百勝,南投縣,120.90121,24.052912,24.051142,120.909361,24.052912,120.90121,851.9087551797478,0.8519087551797478
C2M930,石卓,嘉義縣,120.694154,23.480516,23.478744,120.702264,23.480516,120.694154,851.417442967643,0.851417442967643
C2M940,日野賀,嘉義縣,120.719062,23.435829,23.434056,120.727169,23.435829,120.719062,851.4157507527534,0.8514157507527534
C2M950,太和,嘉義縣,120.694847,23.540143,23.538372,120.702961,23.540143,120.694847,851.4268838936244,0.8514268838936244
C2K630,荷苞,雲林縣,120.587023,23.65948,23.657717,120.595144,23.65948,120.587023,851.1896333661783,0.8511896333661784
C2H9H0,苗改南投蜂場,南投縣,120.685345,23.854353,23.852589,120.693481,23.854353,120.685345,851.5039329770453,0.8515039329770453
C2G9A0,畜試所彰化,彰化縣,120.549828,23.862208,23.86045,120.557964,23.862208,120.549828,851.3030883713202,0.8513030883713202
C2E970,八甲,苗栗縣,120.787798,24.537566,24.535811,120.795983,24.537566,120.787798,851.8258436238972,0.8518258436238972
C2H9J0,中台,南投縣,120.930591,24.001373,23.9996,120.938739,24.001373,120.930591,852.0096928868836,0.8520096928868837
C2H9L0,馬烈霸,南投縣,121.193613,24.152982,24.1512,121.201772,24.152982,121.193613,852.3807835161073,0.8523807835161072
C2H9M0,發祥,南投縣,121.156357,24.155875,24.154094,121.164517,24.155875,121.156357,852.4358636750155,0.8524358636750156
C2H9N0,仁愛東眼,南投縣,121.112349,24.028656,24.026875,121.1205,24.028656,121.112349,852.3413073546345,0.8523413073546345
C2H9P0,伊拿谷,南投縣,121.080118,23.964991,23.963211,121.088264,23.964991,121.080118,852.2170890283605,0.8522170890283606
C2H9Q0,北東眼山,南投縣,121.181145,24.122721,24.120939,121.189303,24.122721,121.181145,852.4715778724023,0.8524715778724024
C2H9R0,卓社,南投縣,120.991946,23.889672,23.887894,121.000086,23.889672,120.991946,852.0389184344596,0.8520389184344596
C2H9S0,龍南,南投縣,120.825039,23.955305,23.953536,120.833183,23.955305,120.825039,851.7981378666387,0.8517981378666387
C2R970,屏科大,屏東縣,120.611193,22.65006,22.648275,120.619247,22.65006,120.611193,851.1075067210577,0.8511075067210577
C2H9T0,名間竹圍,南投縣,120.629436,23.861675,23.859914,120.637572,23.861675,120.629436,851.3824530462856,0.8513824530462856
C2H9U0,鳳鵬,南投縣,120.779931,23.76569,23.763919,120.788061,23.76569,120.779931,851.6342693675829,0.8516342693675829
CAF010,國一N174K,臺中市,120.647035,24.206657,24.2049,120.6552,24.206657,120.647035,851.9999274587076,0.8519999274587076
CAG010,國一N198K,彰化縣,120.514899,24.065639,24.063889,120.523056,24.065639,120.514899,851.916316951455,0.851916316951455
CAJ020,國一N234K,雲林縣,120.459788,23.748078,23.74633,120.467926,23.748078,120.459788,851.9538207884807,0.8519538207884807
CAL010,國一N250K,嘉義縣,120.428737,23.612038,23.610292,120.436867,23.612038,120.428737,851.944638483462,0.851944638483462
CAD010,國一S105K,新竹縣,120.932448,24.728088,24.726316,120.940643,24.728088,120.932448,852.0205230955672,0.8520205230955672
CAE020,國一S114K,苗栗縣,120.877616,24.670593,24.668836,120.885811,24.670593,120.877616,852.0094440302465,0.8520094440302465
CAE030,國一S123K,苗栗縣,120.852523,24.597708,24.59594,120.86071,24.597708,120.852523,851.9680767117135,0.8519680767117135
CAE040,國一S132K,苗栗縣,120.812648,24.526272,24.524506,120.820831,24.526272,120.812648,851.9796540409188,0.8519796540409188
CAE050,國一S152K,苗栗縣,120.74101,24.377254,24.375492,120.749184,24.377254,120.74101,851.9381450603144,0.8519381450603144
CAF020,國一S162K,臺中市,120.687806,24.297293,24.295534,120.695976,24.297293,120.687806,851.9731894223833,0.8519731894223832
CAF030,國一S169K,臺中市,120.680105,24.238875,24.237116,120.688271,24.238875,120.680105,851.9465115577683,0.8519465115577683
CAF040,國一S188K,臺中市,120.577587,24.120299,24.118546,120.585747,24.120299,120.577587,851.9466772466336,0.8519466772466336
CAG030,國一S207K,彰化縣,120.499939,23.990053,23.988304,120.508092,23.990053,120.499939,851.9668825779003,0.8519668825779003
CAE060,國三N119K,苗栗縣,120.839196,24.677199,24.675432,120.847389,24.677199,120.839196,852.0236837053181,0.8520236837053181
CAE070,國三N151K,苗栗縣,120.673477,24.441976,24.440218,120.681656,24.441976,120.673477,851.9192627024996,0.8519192627024996
CAG040,國三N191K,彰化縣,120.513338,24.141006,24.139256,120.5215,24.141006,120.513338,851.939042443126,0.851939042443126
CAG050,國三N196K,彰化縣,120.546322,24.108907,24.107155,120.554482,24.108907,120.546322,851.9928592109413,0.8519928592109414
CAF050,國三N208K,臺中市,120.652763,24.067905,24.066147,120.660919,24.067905,120.652763,852.0051988266945,0.8520051988266945
CAE560,國一S144K,苗栗縣,120.770016,24.438818,24.437042,120.778219,24.438818,120.770016,854.76552466932,0.85476552466932
CAF950,國一N158K,臺中市,120.708967,24.334121,24.332372,120.717144,24.334121,120.708967,852.1793398293252,0.8521793398293251
CAF960,國三S175K,臺中市,120.58152,24.253246,24.251494,120.589683,24.253246,120.58152,851.3822485031344,0.8513822485031344
CAF980,國三N183K,臺中市,120.562148,24.19538,24.193628,120.570311,24.19538,120.562148,851.7467144101464,0.8517467144101464
CAH010,國三N223K,南投縣,120.654227,23.956874,23.955116,120.662376,23.956874,120.654227,852.0043899547451,0.852004389954745
CAJ010,國三N252K,雲林縣,120.632472,23.775877,23.77412,120.64061,23.775877,120.632472,852.0095280725807,0.8520095280725807
CAE080,國三S140K,苗栗縣,120.716822,24.524106,24.522345,120.725006,24.524106,120.716822,851.9651269403564,0.8519651269403564
CAE090,國三S156K,苗栗縣,120.66131,24.399738,24.39798,120.669487,24.399738,120.66131,851.9903094751346,0.8519903094751347
CAF060,國三S168K,臺中市,120.606299,24.310274,24.308519,120.614471,24.310274,120.606299,851.987549467555,0.8519875494675551
CAG060,國三S202K,彰化縣,120.595098,24.094222,24.092468,120.603256,24.094222,120.595098,851.9373604517889,0.8519373604517889
CAH020,國三S217K,南投縣,120.645062,24.008587,24.00683,120.653214,24.008587,120.645062,851.9542011925656,0.8519542011925656
CAF090,國四E5K,臺中市,120.634964,24.298221,24.296465,120.643135,24.298221,120.634964,851.9902226037754,0.8519902226037753
CAA090,國三甲005K,臺北市,121.589277,25.003726,25.00194,121.5975,25.003726,121.589277,853.3441022956911,0.853344102295691
CAC020,國二E009K,桃園市,121.265475,25.020014,25.018244,121.273697,25.020014,121.265475,852.7302047047908,0.8527302047047908
CAB050,國三N002K,基隆市,121.713466,25.147619,25.14583,121.7217,25.147619,121.713466,853.5579252933956,0.8535579252933956
CAB030,國三S004K,基隆市,121.680369,25.116228,25.11444,121.6886,25.116228,121.680369,853.4441437081098,0.8534441437081097
CAB040,國三S007K,基隆市,121.65957,25.098727,25.09694,121.6678,25.098727,121.65957,853.4351592842505,0.8534351592842505
CAA030,國三S010K,新北市,121.639272,25.081787,25.08,121.6475,25.081787,121.639272,853.3499674708569,0.8533499674708569
CAA040,國三S016K,臺北市,121.607575,25.034846,25.03306,121.6158,25.034846,121.607575,853.3371078345984,0.8533371078345985
CAA050,國三S037K,新北市,121.462821,24.984141,24.982361,121.471042,24.984141,121.462821,853.1216475838154,0.8531216475838154
CAA060,國三S042K,新北市,121.422381,24.961778,24.96,121.4306,24.961778,121.422381,853.0198236467636,0.8530198236467637
CAA070,國三N046K,新北市,121.387582,24.952607,24.95083,121.3958,24.952607,121.387582,852.955758594485,0.852955758594485
CAA990,國一N039K,新北市,121.373771,25.066207,25.064433,121.381972,25.066207,121.373771,850.468409813615,0.850468409813615
CAC760,國一高架N063K,桃園市,121.188097,24.952048,24.950281,121.196314,24.952048,121.188097,852.6061213074839,0.8526061213074839
CAD710,國三N077K,新竹縣,121.181827,24.799064,24.797294,121.190033,24.799064,121.181827,852.5939879416737,0.8525939879416737
CAC770,國三N072K,桃園市,121.191163,24.838161,24.836391,121.199371,24.838161,121.191163,852.5376038279389,0.852537603827939
CAAD60,國五S005K,新北市,121.643708,24.998202,24.996414,121.651931,24.998202,121.643708,853.4315665778195,0.8534315665778195
CAAD70,國五S006K,新北市,121.64875,24.991753,24.989964,121.656972,24.991753,121.64875,853.4011821675508,0.8534011821675508
CAAD80,國五N008K,新北市,121.659868,24.985201,24.982411,121.668089,24.985201,121.659868,885.6905088164087,0.8856905088164088
CAAD90,國五N013K,新北市,121.697289,24.949395,24.947603,121.705508,24.949395,121.697289,853.4599319992116,0.8534599319992116
CAUB30,國五S031K,宜蘭縣,121.774168,24.820942,24.819144,121.782378,24.820942,121.774168,853.5643931676193,0.8535643931676193
CAUB40,國五S041K,宜蘭縣,121.773719,24.736563,24.734764,121.781922,24.736563,121.773719,853.4469279994601,0.8534469279994601
CAUB50,國五S047K,宜蘭縣,121.786384,24.677257,24.675456,121.794583,24.677257,121.786384,853.4868937147849,0.8534868937147848
CAA080,國三S054K,新北市,121.315683,24.940943,24.93917,121.3239,24.940943,121.315683,852.8313048846209,0.8528313048846209
CAC030,國三N063K,桃園市,121.255387,24.891285,24.889514,121.2636,24.891285,121.255387,852.7101092591807,0.8527101092591808
CAD080,國三N085K,新竹縣,121.112895,24.785096,24.78333,121.1211,24.785096,121.112895,852.4841214632629,0.8524841214632629
CAD090,國三S103K,新竹市,120.952631,24.76037,24.75861,120.9608,24.76037,120.952631,848.9473332486795,0.8489473332486794
CAB010,國一S001K,基隆市,121.720369,25.11762,25.11583,121.7286,25.11762,121.720369,853.4864575276099,0.8534864575276099
CAB020,國一S006K,基隆市,121.678671,25.088729,25.08694,121.6869,25.088729,121.678671,853.4540198853136,0.8534540198853137
CAA010,國一N013K,新北市,121.619925,25.068524,25.066739,121.628153,25.068524,121.619925,853.3854936090491,0.8533854936090491
CAA020,國一S026K,新北市,121.488172,25.078169,25.07639,121.4964,25.078169,121.488172,853.1685184335215,0.8531685184335215
CAC010,國一S072K,桃園市,121.125987,24.897595,24.89583,121.1342,24.897595,121.125987,852.5164172356093,0.8525164172356093
CAD020,國一N077K,新竹縣,121.080688,24.886763,24.885,121.0889,24.886763,121.080688,852.4376767513669,0.852437676751367
CAD030,國一S082K,新竹縣,121.038489,24.878431,24.87667,121.0467,24.878431,121.038489,852.3427054875247,0.8523427054875247
CAD040,國一S088K,新竹縣,121.013191,24.8462,24.84444,121.0214,24.8462,121.013191,852.3297801094737,0.8523297801094738
CAD050,國一N094K,新竹市,121.000695,24.799541,24.79778,121.0089,24.799541,121.000695,852.2637398722669,0.8522637398722669
CAD060,國一S098K,新竹縣,120.982894,24.762369,24.76056,120.9911,24.762369,120.982894,853.8348534890366,0.8538348534890366
CAL020,國一S262K,嘉義縣,120.394928,23.51409,23.512333,120.403038,23.51409,120.394928,850.8319274635176,0.8508319274635175
CAL030,國一N268K,嘉義縣,120.367726,23.46259,23.460833,120.375833,23.46259,120.367726,850.8464789457579,0.8508464789457579
CAL040,國一N273K,嘉義縣,120.346896,23.418417,23.416666,120.355,23.418417,120.346896,850.664044187405,0.850664044187405
CAN010,國一N288K,臺南市,120.281937,23.307846,23.30609,120.290033,23.307846,120.281937,850.6618354985334,0.8506618354985334
CAN020,國一S306K,臺南市,120.222474,23.154587,23.152831,120.230558,23.154587,120.222474,850.3855552203904,0.8503855552203904
CAN040,國一N323K,臺南市,120.241377,23.01355,23.011789,120.249453,23.01355,120.241377,850.5543153177889,0.8505543153177889
CAP010,國一S342K,高雄市,120.286935,22.847321,22.845555,120.295,22.847321,120.286935,850.5655798017407,0.8505655798017406
CAP020,國一S346K,高雄市,120.306103,22.81399,22.812222,120.314166,22.81399,120.306103,850.6127131600175,0.8506127131600175
CAP030,國一N351K,高雄市,120.320828,22.767602,22.765833,120.328888,22.767602,120.320828,850.6106359031642,0.8506106359031642
CAP040,國一N361K,高雄市,120.320557,22.682326,22.680555,120.328611,22.682326,120.320557,850.5605829559278,0.8505605829559277
CAL050,國三N279K,嘉義縣,120.515216,23.597872,23.596111,120.523333,23.597872,120.515216,851.118386574094,0.851118386574094
CAL070,國三N295K,嘉義市,120.491261,23.470361,23.468598,120.499369,23.470361,120.491261,851.0510014501857,0.8510510014501858
CAM900,國三S290K,嘉義縣,120.482631,23.505867,23.504106,120.490742,23.505867,120.482631,851.0827899348753,0.8510827899348753
CAV270,國一S336K,高雄市,120.263097,22.89593,22.894167,120.271178,22.89593,120.263097,851.8007312351401,0.8518007312351401
CAN150,國一N315K,臺南市,120.24383,23.08526,23.0835,120.251897,23.08526,120.24383,849.2052159006315,0.8492052159006315
CAV280,國三S378K,高雄市,120.407455,22.82773,22.825958,120.415519,22.82773,120.407455,850.7339500729252,0.8507339500729252
CAL080,國三N303K,嘉義縣,120.444389,23.413742,23.411969,120.452447,23.413742,120.444389,846.6770628634442,0.8466770628634442
CAN060,國三S311K,臺南市,120.430789,23.34815,23.346388,120.438888,23.34815,120.430789,850.8697459053564,0.8508697459053564
CAN070,國三S329K,臺南市,120.347743,23.214538,23.212777,120.355833,23.214538,120.347743,850.7515522607854,0.8507515522607854
CAN080,國三N336K,臺南市,120.336914,23.156484,23.154722,120.345,23.156484,120.336914,850.7257885585678,0.8507257885585678
CAN090,國三S342K,臺南市,120.319446,23.108456,23.106694,120.327528,23.108456,120.319446,850.6137003476107,0.8506137003476106
CAN100,國三S366K,臺南市,120.343284,22.909476,22.9077,120.3513,22.909476,120.343284,845.5649105775475,0.8455649105775475
CAP060,國三S385K,高雄市,120.436379,22.769552,22.767777,120.444444,22.769552,120.436379,851.2520943215513,0.8512520943215514
CAQ020,國三S415K,屏東縣,120.519952,22.569782,22.568,120.528,22.569782,120.519952,850.897010609682,0.8508970106096819
CAQ010,國三N425K,屏東縣,120.523624,22.482061,22.480277,120.531666,22.482061,120.523624,850.855745525571,0.850855745525571
CAJ040,西濱S241K,雲林縣,120.164529,23.625171,23.623426,120.172646,23.625171,120.164529,850.5471092275128,0.8505471092275128
CAL100,西濱S267K,嘉義縣,120.15477,23.417568,23.41613,120.162872,23.417568,120.15477,843.2407426016417,0.8432407426016417
CAC050,西濱S023K,桃園市,121.26728,25.118258,25.11649,121.27551,25.118258,121.26728,852.8211429145841,0.8528211429145841
CAC060,西濱S032K,桃園市,121.184277,25.09373,25.091966,121.192505,25.09373,121.184277,852.6841367376379,0.8526841367376379
CAD100,西濱N066K,新竹縣,120.956688,24.897357,24.8956,120.9649,24.897357,120.956688,852.21678080223,0.85221678080223
CAD110,西濱S082K,新竹市,120.896827,24.753481,24.751724,120.905028,24.753481,120.896827,852.0663312941047,0.8520663312941047
CAE100,西濱N107K,苗栗縣,120.731211,24.597551,24.5958,120.7394,24.597551,120.731211,851.7353913011202,0.8517353913011202
CAE110,西濱S129K,苗栗縣,120.634622,24.44895,24.4472,120.6428,24.44895,120.634622,851.5740049737497,0.8515740049737497
CAF100,西濱N151K,臺中市,120.539516,24.277713,24.275964,120.547681,24.277713,120.539516,851.3499378919477,0.8513499378919477
CAG070,西濱S173K,彰化縣,120.426423,24.109847,24.1081,120.434576,24.109847,120.426423,851.1679436337803,0.8511679436337802
CAG080,西濱S189K,彰化縣,120.361463,23.989603,23.987857,120.369607,23.989603,120.361463,851.0022784084883,0.8510022784084883
CAG090,西濱N210K,彰化縣,120.285103,23.845282,23.843536,120.293236,23.845282,120.285103,850.8071613939429,0.850807161393943
CAJ030,西濱N222K,雲林縣,120.248007,23.73948,23.737734,120.256132,23.73948,120.248007,850.665710547562,0.8506657105475619
CAL090,西濱S257K,嘉義縣,120.163753,23.504025,23.502278,120.171861,23.504025,120.163753,850.4415944985624,0.8504415944985624
CAN110,西濱S280K,臺南市,120.140816,23.30695,23.3052,120.14891,23.30695,120.140816,850.3163514213308,0.8503163514213308
CAN120,西濱N304K,臺南市,120.078614,23.10519,23.103439,120.086694,23.10519,120.078614,850.1550234934281,0.8501550234934281
