StationID,StationName,County,Township,TWD67_X,TWD67_Y,WGS84_Lon,WGS84_Lat
466940,基隆,基隆市,仁愛區,121.732242,25.135104,121.740475,25.133314
466900,淡水,新北市,淡水區,121.440672,25.166664,121.448906,25.164889
466881,新北,新北市,新店區,121.516977,24.96099,121.525196,24.959207
466930,陽明山,臺北市,北投區,121.536313,25.163858,121.544547,25.162078
466910,鞍部,臺北市,北投區,121.521495,25.184365,121.529731,25.182586
467571,新竹,新竹縣,竹北市,121.006343,24.830335,121.01445,24.828575
467490,臺中,臺中市,北區,120.675919,24.147494,120.684075,24.145736
C0FA30,梧棲,臺中市,梧棲區,120.515211,24.257753,120.523381,24.256003
467350,澎湖,澎湖縣,馬公市,119.554987,23.56722,119.563094,23.565503
467650,日月潭,南投縣,魚池鄉,120.899911,23.883099,120.90805,23.881325
467530,阿里山,嘉義縣,阿里山鄉,120.805129,23.509984,120.813242,23.508208
467550,玉山,南投縣,信義鄉,120.951318,23.488964,120.95943,23.48718
467480,嘉義,嘉義市,西區,120.424796,23.497684,120.432906,23.495925
467410,臺南,臺南市,中西區,120.196846,22.995039,120.20492,22.99328
467441,高雄,高雄市,楠梓區,120.304459,22.732201,120.312516,22.730432
467590,恆春,屏東縣,恆春鎮,120.738326,22.0057,120.746339,22.003897
467080,宜蘭,宜蘭縣,宜蘭市,121.748322,24.765773,121.756528,24.763975
466990,花蓮,花蓮縣,花蓮市,121.605126,23.976933,121.613275,23.975128
467610,成功,臺東縣,成功鎮,121.36534,23.099296,121.373428,23.097486
467660,臺東,臺東縣,臺東市,121.146522,22.754017,121.154586,22.752211
467540,大武,臺東縣,大武鄉,120.895703,22.357523,120.90374,22.35572
467620,蘭嶼,臺東縣,蘭嶼鄉,121.55041,22.038737,121.55843,22.0369
466950,彭佳嶼,基隆市,中正區,122.071474,25.629774,122.079744,25.627975
467300,東吉島,澎湖縣,望安鄉,119.659533,23.258999,119.66762,23.25727
469020,南沙島,高雄市,旗津區,114.356938,10.372116,114.364286,10.370203
468100,東沙島,高雄市,旗津區,116.722116,20.70252,116.73,20.700856
467420,永康,臺南市,永康區,120.228623,23.040146,120.2367,23.038386
C2W030,金門(東),金門縣,金湖鎮,118.443627,24.450074,118.451786,24.448431
466920,臺北,臺北市,中正區,121.506628,25.039439,121.514853,25.037658
A0G720,彰師大,彰化縣,彰化市,120.548508,24.08314,120.556667,24.081389
A0Z080,合歡山,花蓮縣,秀林鄉,121.276071,24.144972,121.284231,24.143186
A0W080,吉貝,澎湖縣,白沙鄉,119.596041,23.741712,119.604189,23.740011
467110,金門,金門縣,金城鎮,118.281127,24.408942,118.289281,24.407306
467990,馬祖,連江縣,南竿鄉,119.914855,26.171145,119.923158,26.169467
A0K420,麥寮,雲林縣,麥寮鄉,120.209572,23.800517,120.217717,23.798783
467050,新屋,桃園市,新屋區,121.039271,25.008484,121.047492,25.006725
A2K570,古坑(花卉中心),雲林縣,古坑鄉,120.54428,23.6353,120.55239,23.63353
CAAH60,大安森林,臺北市,大安區,121.528056,25.031331,121.53628,25.02955
CAHA00,消防署訓練中心,南投縣,竹山鎮,120.7148,23.82313,120.72293,23.82137
467270,田中,彰化縣,田中鎮,120.573149,23.875561,120.581286,23.873803
CAC040,拉拉山,桃園市,復興區,121.418933,24.7011,121.427133,24.699317
CAW010,東引,連江縣,東引鄉,120.475308,26.360539,120.483631,26.358836
CAP070,高雄燈塔,高雄市,旗津區,120.256631,22.616364,120.26468,22.614594
A0F010,武陵,臺中市,和平區,121.300112,24.354609,121.308286,24.352825
467280,後龍,苗栗縣,造橋鄉,120.823641,24.650318,120.831834,24.648563
467290,古坑,雲林縣,古坑鄉,120.543769,23.635401,120.551889,23.633639
C2C410,中央大學,桃園市,中壢區,121.176946,24.969417,121.185165,24.967652
A0A460,文化大學,臺北市,士林區,121.531657,25.137855,121.53987,25.13605
A0A010,臺灣大學,臺北市,大安區,121.531193,25.01606,121.539416,25.014278
72S200,班鳩分場,臺東縣,卑南鄉,121.069619,22.831307,121.077694,22.829528
72S590,賓朗果園,臺東縣,卑南鄉,121.063204,22.815668,121.071278,22.813889
82S580,臺東茶改,臺東縣,鹿野鄉,121.12206,22.909476,121.130139,22.907694
U2H480,臺大溪頭,南投縣,鹿谷鄉,120.790065,23.672071,120.798194,23.670306
72G600,臺中農改,彰化縣,大村鄉,120.526236,24.004779,120.534389,24.003028
72K220,雲林分場,雲林縣,斗南鎮,120.469202,23.636304,120.477333,23.634556
72N100,臺南農改,臺南市,新化區,120.334096,23.062242,120.342194,23.0605
72V140,旗南農改,高雄市,旗山區,120.508583,22.859612,120.516667,22.857861
72Q010,高雄農改,屏東縣,長治鄉,120.517814,22.711084,120.525889,22.709333
B2E890,新竹畜試,苗栗縣,西湖鄉,120.762788,24.529569,120.770972,24.527806
72C440,桃園農改,桃園市,新屋區,121.022375,24.952721,121.030583,24.950944
72D080,五峰站,新竹縣,五峰鄉,121.148983,24.613978,121.157167,24.612194
82C160,茶改場,桃園市,楊梅區,121.17713,24.910258,121.185333,24.908472
A2C560,農工中心,桃園市,中壢區,121.231626,24.987706,121.239833,24.985917
82A750,文山茶改,新北市,石碇區,121.623022,24.957588,121.631222,24.955778
72U480,蘭陽分場,宜蘭縣,三星鄉,121.708402,24.688121,121.716583,24.686306
K2E360,苗栗農改,苗栗縣,公館鄉,120.82093,24.497488,120.829111,24.495722
K2E710,大湖分場,苗栗縣,大湖鄉,120.863657,24.42463,120.871833,24.422861
K2F750,種苗繁殖,臺中市,新社區,120.792753,24.227737,120.800917,24.225972
82H840,凍頂茶改,南投縣,鹿谷鄉,120.732364,23.76429,120.7405,23.762528
82H320,魚池茶改,南投縣,魚池鄉,120.905442,23.877382,120.913583,23.875611
U2HA50,臺大竹山,南投縣,竹山鎮,120.67342,23.758731,120.681556,23.756972
G2L020,嘉義農試,嘉義市,東區,120.465684,23.486776,120.473806,23.485028
72M360,義竹分場,嘉義縣,義竹鄉,120.271244,23.362432,120.279361,23.360694
B2N890,畜試所,臺南市,新化區,120.328308,23.060713,120.336406,23.058972
G2P820,鳳山農試,高雄市,鳳山區,120.34801,22.648354,120.356083,22.646611
B2Q810,恆春畜試,屏東縣,恆春鎮,120.794139,21.947348,120.802167,21.945583
72T250,花蓮農改,花蓮縣,吉安鄉,121.555752,23.977028,121.563889,23.975222
E2H360,蓮華池,南投縣,魚池鄉,120.877136,23.920106,120.885278,23.918333
72HA00,埔里分場,南投縣,魚池鄉,120.955222,23.904982,120.963364,23.903208
U2HA30,臺大和社,南投縣,信義鄉,120.880744,23.592633,120.888864,23.590856
U2HA40,臺大內茅埔,南投縣,信義鄉,120.842992,23.691497,120.851117,23.689722
G2M350,溪口農場,嘉義縣,溪口鄉,120.399994,23.587406,120.408111,23.58565
E2K600,四湖植物園,雲林縣,四湖鄉,120.155296,23.678718,120.163433,23.676986
G2F820,農業試驗所,臺中市,霧峰區,120.679986,24.033022,120.688133,24.031261
72M700,嘉義分場,嘉義縣,鹿草鄉,120.274941,23.418608,120.283061,23.416869
72N240,七股研究中心,臺南市,七股區,120.054792,23.083472,120.062894,23.081672
42HA10,萬大發電廠,南投縣,仁愛鄉,121.131497,23.980611,121.139639,23.978875
12Q970,東港工作站,屏東縣,東港鎮,120.458017,22.481778,120.466058,22.479997
12J990,口湖工作站,雲林縣,口湖鄉,120.172281,23.591722,120.180394,23.589978
12Q980,恆春工作站,屏東縣,車城鄉,120.706406,22.081478,120.714425,22.079678
V2K610,大庄合作社,雲林縣,二崙鄉,120.359808,23.80855,120.367939,23.8068
V2K620,麥寮合作社,雲林縣,麥寮鄉,120.286657,23.755583,120.294783,23.753836
E2S980,太麻里(1),臺東縣,太麻里鄉,120.971991,22.600724,120.980044,22.598922
E2S960,太麻里(2),臺東縣,太麻里鄉,120.9897,22.599802,120.99775,22.598
72AI40,桃改臺北,新北市,樹林區,121.378755,24.946279,121.386972,24.944503
E2HA20,畢祿溪站,南投縣,仁愛鄉,121.300362,24.22873,121.308522,24.226944
A2N290,蘭花園區,臺南市,後壁區,120.371562,23.342018,120.379661,23.340258
B2U990,宜蘭畜試,宜蘭縣,五結鄉,121.824362,24.670842,121.832561,24.669039
A2K630,雲林臺大,雲林縣,虎尾鎮,120.415777,23.732381,120.423903,23.730628
E2P980,六龜林試,高雄市,六龜區,120.637645,22.993482,120.645722,22.991703
E2P990,扇平林試,高雄市,茂林區,120.677627,22.969481,120.685703,22.9677
A2K360,臺西水試,雲林縣,臺西鄉,120.182399,23.718974,120.190522,23.717231
V2C250,八德合作社,桃園市,八德區,121.258178,24.939471,121.266389,24.93775
V2C260,八德蔬果,桃園市,八德區,121.27356,24.980279,121.281819,24.978508
72D680,新埔工作站,新竹縣,新埔鎮,121.058,24.836,121.066111,24.834444
G2AI50,台農院關渡站,臺北市,北投區,121.483769,25.117528,121.492,25.11575
CAH030,茶改場竹圍站,南投縣,名間鄉,120.629392,23.861844,120.6375,23.86008
CAN130,水試所海水繁養殖中心,臺南市,七股區,120.071594,23.122553,120.079676,23.120802
CAL110,布袋國中,嘉義縣,布袋鎮,120.17216,23.360676,120.18026,23.35893
CAG100,王功漁港,彰化縣,芳苑鄉,120.317718,23.969984,120.32586,23.96824
CAJ050,海口故事園區,雲林縣,口湖鄉,120.133097,23.577174,120.14121,23.57543
CAN140,六官養殖協會,臺南市,六甲區,120.29153,23.230568,120.29962,23.22881
CAQ030,崎峰國小,屏東縣,林邊鄉,120.487171,22.427434,120.49521,22.42565
C2M960,外寮,嘉義縣,梅山鄉,120.657572,23.564411,120.665688,23.562643
C2M970,碧湖,嘉義縣,梅山鄉,120.616047,23.570397,120.624165,23.568632
C2R170,屏東,屏東縣,屏東市,120.485974,22.662048,120.494027,22.660269
C2V310,美濃,高雄市,美濃區,120.511,22.900567,120.51907,22.898792
C2M980,安和,嘉義縣,新港鄉,120.30782,23.515523,120.31593,23.51377
C2M990,大巃頂,嘉義縣,梅山鄉,120.606275,23.556466,120.61439,23.5547
C2N170,茅港尾,臺南市,下營區,120.254311,23.207857,120.2624,23.2061
C2R980,竹田國中,屏東縣,竹田鄉,120.516069,22.617101,120.52412,22.61532
C2R990,泰武,屏東縣,泰武鄉,120.689598,22.608649,120.69765,22.60686
C2TA60,六十石,花蓮縣,富里鄉,121.310513,23.226575,121.31861,23.22477
C2TA70,赤科坪,花蓮縣,玉里鎮,121.383571,23.400655,121.39168,23.39885
C2UC10,出水溪,宜蘭縣,大同鄉,121.644058,24.617617,121.652253,24.615822
C2UC20,長嶺,宜蘭縣,員山鄉,121.603419,24.710732,121.61162,24.70894
C2E980,和興,苗栗縣,獅潭鄉,120.914833,24.507081,120.923016,24.505319
C2E990,新坪頂,苗栗縣,卓蘭鎮,120.849231,24.303773,120.8574,24.30201
C2H9Y0,松茗,南投縣,名間鄉,120.642632,23.818463,120.650765,23.8167
C2RA10,大新,屏東縣,內埔鄉,120.569824,22.677362,120.57788,22.67558
C2TA90,加納納,花蓮縣,瑞穗鄉,121.351754,23.468223,121.359867,23.466421
C2TB30,吉安,花蓮縣,吉安鄉,121.539883,23.947182,121.54803,23.94538
C2K290,崙內,雲林縣,土庫鎮,120.347887,23.697001,120.35601,23.69525
C2K300,鹿南,雲林縣,元長鄉,120.355481,23.640303,120.3636,23.63855
C2K250,崙背,雲林縣,崙背鄉,120.310803,23.757278,120.31893,23.75553
C2K280,四湖,雲林縣,四湖鄉,120.219053,23.632147,120.22717,23.6304
C2X060,下營,臺南市,下營區,120.248201,23.228563,120.256291,23.226806
C2S9B0,利吉,臺東縣,卑南鄉,121.146788,22.864264,121.15486,22.86246
C2S9A0,北份子寮,臺東縣,卑南鄉,121.070064,22.787412,121.07813,22.78561
C2SD50,順那,臺東縣,東河鄉,121.285235,23.043467,121.29332,23.04166
C2SD70,二層坪,臺東縣,鹿野鄉,121.160303,22.942853,121.16838,22.94105
C2SD60,明峰,臺東縣,卑南鄉,121.110178,22.868903,121.11825,22.8671
C2SD80,再來山,臺東縣,長濱鄉,121.433115,23.345518,121.44122,23.34371
C2TB80,庄子底,花蓮縣,鳳林鎮,121.486249,23.719744,121.49438,23.71794
C2TB90,長橋,花蓮縣,鳳林鎮,121.453731,23.689203,121.46186,23.6874
C2TB50,麻汝,花蓮縣,玉里鎮,121.38547,23.427345,121.39358,23.42554
C2TB70,達谷寮,花蓮縣,玉里鎮,121.351573,23.381804,121.35968,23.38
C2TB60,南安,花蓮縣,卓溪鄉,121.253469,23.299981,121.26157,23.29818
C2H9X0,福盛,南投縣,中寮鄉,120.83263,23.8953,120.84077,23.89353
C2G9C0,埔南,彰化縣,埔鹽鄉,120.461546,23.992991,120.46969,23.99124
C2G9E0,移民庄,彰化縣,二林鎮,120.394687,23.980148,120.40283,23.9784
C2K310,港尾布雞,雲林縣,崙背鄉,120.376263,23.750092,120.38439,23.74834
C2M9A0,大華,嘉義縣,竹崎鄉,120.6668,23.484171,120.67491,23.4824
C2M9D0,何竹子腳,嘉義縣,民雄鄉,120.373918,23.538166,120.38203,23.53641
C2M9C0,紫雲,嘉義縣,竹崎鄉,120.532142,23.496678,120.540253,23.494914
C2M9E0,旺來山,嘉義縣,民雄鄉,120.478349,23.556913,120.486463,23.555153
C2M9B0,西興,嘉義縣,大埔鄉,120.568077,23.244571,120.57617,23.2428
C2N190,烏樹,臺南市,後壁區,120.361793,23.32569,120.36989,23.32393
C2N180,鹿陶洋,臺南市,楠西區,120.475434,23.145019,120.48352,23.14325
C2V920,匏子寮,高雄市,甲仙區,120.54511,23.050824,120.55319,23.04905
C2V580,瑞山,高雄市,內門區,120.42617,22.904811,120.43424,22.90304
C2R9A0,高士國小,屏東縣,牡丹鄉,120.838508,22.127335,120.84653,22.12553
C2M530,奮起湖,嘉義縣,竹崎鄉,120.691142,23.495674,120.699253,23.493903
C2M810,里佳,嘉義縣,阿里山鄉,120.708543,23.390899,120.716647,23.389125
C2C590,觀音,桃園市,觀音區,121.145094,25.028835,121.153317,25.027072
C2E420,竹南,苗栗縣,竹南鎮,120.880772,24.710737,120.88897,24.70898
C2E430,南庄,苗栗縣,南庄鄉,120.992023,24.603539,121.000214,24.601775
C2W230,畜試所澎湖,澎湖縣,西嶼鄉,119.505094,23.630055,119.513206,23.628342
C2E880,三義,苗栗縣,三義鄉,120.741644,24.407236,120.749819,24.405478
C2FA00,烏石坑,臺中市,和平區,120.939447,24.275269,120.947617,24.273503
C2F9A0,中竹林,臺中市,太平區,120.743333,24.105556,120.751061,24.103556
C2G840,北斗,彰化縣,北斗鎮,120.506528,23.879222,120.514222,23.877586
C2H950,中寮,南投縣,中寮鄉,120.758528,23.886278,120.766406,23.884447
C2I090,鳳凰,南投縣,鹿谷鄉,120.779167,23.729722,120.787347,23.728081
C2F860,梨山,臺中市,和平區,121.237667,24.245,121.243669,24.247522
C2K240,草嶺,雲林縣,古坑鄉,120.685342,23.597319,120.693461,23.59555
C2E520,大湖,苗栗縣,大湖鄉,120.862694,24.4167,120.870872,24.414939
C2F000,大肚,臺中市,大肚區,120.564,24.154667,120.572117,24.15295
C2E540,龍溪,苗栗縣,後龍鎮,120.775556,24.608056,120.783933,24.606489
C2F930,大甲,臺中市,大甲區,120.632361,24.349917,120.640403,24.347667
C2G870,芳苑,彰化縣,芳苑鄉,120.311861,23.924,120.320025,23.922303
C2G640,鹿港,彰化縣,鹿港鎮,120.422222,24.076944,120.430481,24.0753
C2M910,嘉義大學,嘉義市,東區,120.477795,23.473087,120.485903,23.471325
C2O950,安南,臺南市,安南區,120.136667,23.078333,120.144861,23.076694
C2M410,馬頭山,嘉義縣,大埔鄉,120.573611,23.326389,120.582017,23.324361
C2O810,曾文,臺南市,楠西區,120.489222,23.221472,120.497328,23.219681
C2O930,玉井,臺南市,玉井區,120.452472,23.127833,120.46055,23.126042
C2V260,月眉,高雄市,杉林區,120.531778,22.972778,120.539853,22.971003
C2V250,甲仙,高雄市,甲仙區,120.5825,23.081667,120.591758,23.080106
C2N160,西拉雅風管處,臺南市,官田區,120.327209,23.191241,120.335297,23.189481
C2A920,富貴角,新北市,石門區,121.557278,25.265556,121.565258,25.263783
C2A880,福隆,新北市,貢寮區,121.934167,25.019167,121.942083,25.017842
C2A540,四堵,新北市,坪林區,121.737519,24.894394,121.745736,24.8926
C2A560,福山,新北市,烏來區,121.494583,24.778333,121.502811,24.776203
C2D720,關西工作站,新竹縣,關西鎮,121.176589,24.759045,121.184792,24.757275
C2D730,寶山農場,新竹縣,寶山鄉,120.967953,24.734205,120.976153,24.732444
C2H9K0,屯原,南投縣,仁愛鄉,121.201235,24.069754,121.209389,24.067969
C2G980,田頭村,彰化縣,竹塘鄉,120.436042,23.828053,120.444175,23.8263
C2K610,草嶺石壁,雲林縣,古坑鄉,120.699612,23.604239,120.707731,23.602469
C2F990,摩天嶺,臺中市,和平區,120.928649,24.324225,120.936819,24.322458
C2M920,朴子農改,嘉義縣,朴子市,120.251277,23.47164,120.259383,23.469889
C2M620,瑞里,嘉義縣,梅山鄉,120.667039,23.546903,120.675197,23.545133
C2A660,瑞芳,新北市,瑞芳區,121.792639,25.114861,121.801147,25.113169
C2A650,火燒寮,新北市,平溪區,121.734572,25.004411,121.742892,25.002719
C2H9W0,大坪頂農水,南投縣,埔里鎮,120.92463,24.044894,120.932781,24.043122
C2K620,馬光農場,雲林縣,虎尾鎮,120.370739,23.723205,120.378864,23.721453
C2FB50,出雲,臺中市,和平區,120.894632,24.208236,120.902794,24.206469
C2FB60,頭櫃山,臺中市,新社區,120.850769,24.131608,120.858925,24.129842
C2H9D0,三隻寮,南投縣,國姓鄉,120.853424,24.094845,120.861578,24.093078
C2H9E0,國姓南港,南投縣,國姓鄉,120.838415,23.912878,120.846556,23.911108
C2H9F0,柑林,南投縣,國姓鄉,120.838924,24.020426,120.847072,24.018658
C2H9G0,百勝,南投縣,國姓鄉,120.90121,24.052912,120.909361,24.051142
C2M930,石卓,嘉義縣,竹崎鄉,120.694154,23.480516,120.702264,23.478744
C2M940,日野賀,嘉義縣,阿里山鄉,120.719062,23.435829,120.727169,23.434056
C2M950,太和,嘉義縣,梅山鄉,120.694847,23.540143,120.702961,23.538372
C2K630,荷苞,雲林縣,古坑鄉,120.587023,23.65948,120.595144,23.657717
C2H9H0,苗改南投蜂場,南投縣,名間鄉,120.685345,23.854353,120.693481,23.852589
C2G9A0,畜試所彰化,彰化縣,北斗鎮,120.549828,23.862208,120.557964,23.86045
C2E970,八甲,苗栗縣,苗栗市,120.787798,24.537566,120.795983,24.535811
C2H9J0,中台,南投縣,埔里鎮,120.930591,24.001373,120.938739,23.9996
C2H9L0,馬烈霸,南投縣,仁愛鄉,121.193613,24.152982,121.201772,24.1512
C2H9M0,發祥,南投縣,仁愛鄉,121.156357,24.155875,121.164517,24.154094
C2H9N0,仁愛東眼,南投縣,仁愛鄉,121.112349,24.028656,121.1205,24.026875
C2H9P0,伊拿谷,南投縣,仁愛鄉,121.080118,23.964991,121.088264,23.963211
C2H9Q0,北東眼山,南投縣,仁愛鄉,121.181145,24.122721,121.189303,24.120939
C2H9R0,卓社,南投縣,仁愛鄉,120.991946,23.889672,121.000086,23.887894
C2H9S0,龍南,南投縣,國姓鄉,120.825039,23.955305,120.833183,23.953536
C2R970,屏科大,屏東縣,內埔鄉,120.611193,22.65006,120.619247,22.648275
C2H9T0,名間竹圍,南投縣,名間鄉,120.629436,23.861675,120.637572,23.859914
C2H9U0,鳳鵬,南投縣,鹿谷鄉,120.779931,23.76569,120.788061,23.763919
CAF010,國一N174K,臺中市,西屯區,120.647035,24.206657,120.6552,24.2049
CAG010,國一N198K,彰化縣,彰化市,120.514899,24.065639,120.523056,24.063889
CAJ020,國一N234K,雲林縣,西螺鎮,120.459788,23.748078,120.467926,23.74633
CAL010,國一N250K,嘉義縣,大林鎮,120.428737,23.612038,120.436867,23.610292
CAD010,國一S105K,新竹縣,寶山鄉,120.932448,24.728088,120.940643,24.726316
CAE020,國一S114K,苗栗縣,頭份市,120.877616,24.670593,120.885811,24.668836
CAE030,國一S123K,苗栗縣,頭屋鄉,120.852523,24.597708,120.86071,24.59594
CAE040,國一S132K,苗栗縣,公館鄉,120.812648,24.526272,120.820831,24.524506
CAE050,國一S152K,苗栗縣,三義鄉,120.74101,24.377254,120.749184,24.375492
CAF020,國一S162K,臺中市,后里區,120.687806,24.297293,120.695976,24.295534
CAF030,國一S169K,臺中市,神岡區,120.680105,24.238875,120.688271,24.237116
CAF040,國一S188K,臺中市,大肚區,120.577587,24.120299,120.585747,24.118546
CAG030,國一S207K,彰化縣,大村鄉,120.499939,23.990053,120.508092,23.988304
CAE060,國三N119K,苗栗縣,竹南鎮,120.839196,24.677199,120.847389,24.675432
CAE070,國三N151K,苗栗縣,苑裡鎮,120.673477,24.441976,120.681656,24.440218
CAG040,國三N191K,彰化縣,和美鎮,120.513338,24.141006,120.5215,24.139256
CAG050,國三N196K,彰化縣,彰化市,120.546322,24.108907,120.554482,24.107155
CAF050,國三N208K,臺中市,霧峰區,120.652763,24.067905,120.660919,24.066147
CAE560,國一S144K,苗栗縣,銅鑼鄉,120.770016,24.438818,120.778219,24.437042
CAF950,國一N158K,臺中市,后里區,120.708967,24.334121,120.717144,24.332372
CAF960,國三S175K,臺中市,沙鹿區,120.58152,24.253246,120.589683,24.251494
CAF980,國三N183K,臺中市,龍井區,120.562148,24.19538,120.570311,24.193628
CAH010,國三N223K,南投縣,草屯鎮,120.654227,23.956874,120.662376,23.955116
CAJ010,國三N252K,雲林縣,林內鄉,120.632472,23.775877,120.64061,23.77412
CAE080,國三S140K,苗栗縣,通霄鎮,120.716822,24.524106,120.725006,24.522345
CAE090,國三S156K,苗栗縣,苑裡鎮,120.66131,24.399738,120.669487,24.39798
CAF060,國三S168K,臺中市,清水區,120.606299,24.310274,120.614471,24.308519
CAG060,國三S202K,彰化縣,彰化市,120.595098,24.094222,120.603256,24.092468
CAH020,國三S217K,南投縣,草屯鎮,120.645062,24.008587,120.653214,24.00683
CAF090,國四E5K,臺中市,神岡區,120.634964,24.298221,120.643135,24.296465
CAA090,國三甲005K,臺北市,文山區,121.589277,25.003726,121.5975,25.00194
CAC020,國二E009K,桃園市,桃園區,121.265475,25.020014,121.273697,25.018244
CAB050,國三N002K,基隆市,中山區,121.713466,25.147619,121.7217,25.14583
CAB030,國三S004K,基隆市,七堵區,121.680369,25.116228,121.6886,25.11444
CAB040,國三S007K,基隆市,七堵區,121.65957,25.098727,121.6678,25.09694
CAA030,國三S010K,新北市,汐止區,121.639272,25.081787,121.6475,25.08
CAA040,國三S016K,臺北市,南港區,121.607575,25.034846,121.6158,25.03306
CAA050,國三S037K,新北市,土城區,121.462821,24.984141,121.471042,24.982361
CAA060,國三S042K,新北市,土城區,121.422381,24.961778,121.4306,24.96
CAA070,國三N046K,新北市,樹林區,121.387582,24.952607,121.3958,24.95083
CAA990,國一N039K,新北市,泰山區,121.373771,25.066207,121.381972,25.064433
CAC760,國一高架N063K,桃園市,平鎮區,121.188097,24.952048,121.196314,24.950281
CAD710,國三N077K,新竹縣,關西鎮,121.181827,24.799064,121.190033,24.797294
CAC770,國三N072K,桃園市,龍潭區,121.191163,24.838161,121.199371,24.836391
CAAD60,國五S005K,新北市,石碇區,121.643708,24.998202,121.651931,24.996414
CAAD70,國五S006K,新北市,石碇區,121.64875,24.991753,121.656972,24.989964
CAAD80,國五N008K,新北市,石碇區,121.659868,24.985201,121.668089,24.982411
CAAD90,國五N013K,新北市,坪林區,121.697289,24.949395,121.705508,24.947603
CAUB30,國五S031K,宜蘭縣,礁溪鄉,121.774168,24.820942,121.782378,24.819144
CAUB40,國五S041K,宜蘭縣,壯圍鄉,121.773719,24.736563,121.781922,24.734764
CAUB50,國五S047K,宜蘭縣,羅東鎮,121.786384,24.677257,121.794583,24.675456
CAA080,國三S054K,新北市,鶯歌區,121.315683,24.940943,121.3239,24.93917
CAC030,國三N063K,桃園市,大溪區,121.255387,24.891285,121.2636,24.889514
CAD080,國三N085K,新竹縣,關西鎮,121.112895,24.785096,121.1211,24.78333
CAD090,國三S103K,新竹市,東區,120.952631,24.76037,120.9608,24.75861
CAB010,國一S001K,基隆市,安樂區,121.720369,25.11762,121.7286,25.11583
CAB020,國一S006K,基隆市,七堵區,121.678671,25.088729,121.6869,25.08694
CAA010,國一N013K,新北市,汐止區,121.619925,25.068524,121.628153,25.066739
CAA020,國一S026K,新北市,三重區,121.488172,25.078169,121.4964,25.07639
CAC010,國一S072K,桃園市,楊梅區,121.125987,24.897595,121.1342,24.89583
CAD020,國一N077K,新竹縣,湖口鄉,121.080688,24.886763,121.0889,24.885
CAD030,國一S082K,新竹縣,湖口鄉,121.038489,24.878431,121.0467,24.87667
CAD040,國一S088K,新竹縣,竹北市,121.013191,24.8462,121.0214,24.84444
CAD050,國一N094K,新竹市,東區,121.000695,24.799541,121.0089,24.79778
CAD060,國一S098K,新竹縣,寶山鄉,120.982894,24.762369,120.9911,24.76056
CAL020,國一S262K,嘉義縣,民雄鄉,120.394928,23.51409,120.403038,23.512333
CAL030,國一N268K,嘉義縣,水上鄉,120.367726,23.46259,120.375833,23.460833
CAL040,國一N273K,嘉義縣,水上鄉,120.346896,23.418417,120.355,23.416666
CAN010,國一N288K,臺南市,新營區,120.281937,23.307846,120.290033,23.30609
CAN020,國一S306K,臺南市,麻豆區,120.222474,23.154587,120.230558,23.152831
CAN040,國一N323K,臺南市,永康區,120.241377,23.01355,120.249453,23.011789
CAP010,國一S342K,高雄市,路竹區,120.286935,22.847321,120.295,22.845555
CAP020,國一S346K,高雄市,岡山區,120.306103,22.81399,120.314166,22.812222
CAP030,國一N351K,高雄市,橋頭區,120.320828,22.767602,120.328888,22.765833
CAP040,國一N361K,高雄市,仁武區,120.320557,22.682326,120.328611,22.680555
CAL050,國三N279K,嘉義縣,大林鎮,120.515216,23.597872,120.523333,23.596111
CAL070,國三N295K,嘉義市,東區,120.491261,23.470361,120.499369,23.468598
CAM900,國三S290K,嘉義縣,竹崎鄉,120.482631,23.505867,120.490742,23.504106
CAV270,國一S336K,高雄市,路竹區,120.263097,22.89593,120.271178,22.894167
CAN150,國一N315K,臺南市,新市區,120.24383,23.08526,120.251897,23.0835
CAV280,國三S378K,高雄市,田寮區,120.407455,22.82773,120.415519,22.825958
CAL080,國三N303K,嘉義縣,中埔鄉,120.444389,23.413742,120.452447,23.411969
CAN060,國三S311K,臺南市,白河區,120.430789,23.34815,120.438888,23.346388
CAN070,國三S329K,臺南市,官田區,120.347743,23.214538,120.355833,23.212777
CAN080,國三N336K,臺南市,官田區,120.336914,23.156484,120.345,23.154722
CAN090,國三S342K,臺南市,善化區,120.319446,23.108456,120.327528,23.106694
CAN100,國三S366K,臺南市,關廟區,120.343284,22.909476,120.3513,22.9077
CAP060,國三S385K,高雄市,大樹區,120.436379,22.769552,120.444444,22.767777
CAQ020,國三S415K,屏東縣,竹田鄉,120.519952,22.569782,120.528,22.568
CAQ010,國三N425K,屏東縣,南州鄉,120.523624,22.482061,120.531666,22.480277
CAJ040,西濱S241K,雲林縣,口湖鄉,120.164529,23.625171,120.172646,23.623426
CAL100,西濱S267K,嘉義縣,東石鄉,120.15477,23.417568,120.162872,23.41613
CAC050,西濱S023K,桃園市,蘆竹區,121.26728,25.118258,121.27551,25.11649
CAC060,西濱S032K,桃園市,大園區,121.184277,25.09373,121.192505,25.091966
CAD100,西濱N066K,新竹縣,新豐鄉,120.956688,24.897357,120.9649,24.8956
CAD110,西濱S082K,新竹市,香山區,120.896827,24.753481,120.905028,24.751724
CAE100,西濱N107K,苗栗縣,後龍鎮,120.731211,24.597551,120.7394,24.5958
CAE110,西濱S129K,苗栗縣,苑裡鎮,120.634622,24.44895,120.6428,24.4472
CAF100,西濱N151K,臺中市,清水區,120.539516,24.277713,120.547681,24.275964
CAG070,西濱S173K,彰化縣,鹿港鎮,120.426423,24.109847,120.434576,24.1081
CAG080,西濱S189K,彰化縣,芳苑鄉,120.361463,23.989603,120.369607,23.987857
CAG090,西濱N210K,彰化縣,大城鄉,120.285103,23.845282,120.293236,23.843536
CAJ030,西濱N222K,雲林縣,麥寮鄉,120.248007,23.73948,120.256132,23.737734
CAL090,西濱S257K,嘉義縣,東石鄉,120.163753,23.504025,120.171861,23.502278
CAN110,西濱S280K,臺南市,北門區,120.140816,23.30695,120.14891,23.3052
CAN120,西濱N304K,臺南市,七股區,120.078614,23.10519,120.086694,23.103439
